,epoch,train_loss,train_iou,val_loss,val_iou
0,16,0.37610526084899903,0.6905138540555411,0.4862993434071541,0.634221340021258
